{"cameraMode":{"drawMode":0,"name":"Shaded","section":"Shading Mode"},"sceneLighting":false,"audioPlay":false,"sceneViewState":{"m_AlwaysRefresh":false,"showFog":true,"showSkybox":true,"showFlares":true,"showImageEffects":true,"showParticleSystems":true,"showVisualEffectGraphs":true,"m_FxEnabled":true},"in2DMode":false,"pivot":{"x":316.818603515625,"y":125.45299530029297,"z":21.096717834472658},"rotation":{"x":0.1606837809085846,"y":-0.013324015773832798,"z":0.002169201150536537,"w":0.986915111541748},"size":5.622125148773193,"orthographic":false}